ISO Date,Timezone,Simple Date,"ELECTRICITY_DEMAND"
2020-08-13T04:00:00.000Z,America/New_York,2020-8-13 12:00:00 AM,734.4000072479248
2020-08-13T04:15:00.000Z,America/New_York,2020-8-13 12:15:00 AM,749.5200061798096
2020-08-13T04:30:00.000Z,America/New_York,2020-8-13 12:30:00 AM,749.5200061798096
2020-08-13T04:45:00.000Z,America/New_York,2020-8-13 12:45:00 AM,723.6000080108643
2020-08-13T05:00:00.000Z,America/New_York,2020-8-13 1:00:00 AM,740.8800067901611
2020-08-13T05:15:00.000Z,America/New_York,2020-8-13 1:15:00 AM,743.0400123596191
2020-08-13T05:30:00.000Z,America/New_York,2020-8-13 1:30:00 AM,734.4000034332275
2020-08-13T05:45:00.000Z,America/New_York,2020-8-13 1:45:00 AM,725.7600059509277
2020-08-13T06:00:00.000Z,America/New_York,2020-8-13 2:00:00 AM,732.2400074005127
2020-08-13T06:15:00.000Z,America/New_York,2020-8-13 2:15:00 AM,714.9600086212158
2020-08-13T06:30:00.000Z,America/New_York,2020-8-13 2:30:00 AM,719.2800045013428
2020-08-13T06:45:00.000Z,America/New_York,2020-8-13 2:45:00 AM,736.5600070953369
2020-08-13T07:00:00.000Z,America/New_York,2020-8-13 3:00:00 AM,740.8800029754639
2020-08-13T07:15:00.000Z,America/New_York,2020-8-13 3:15:00 AM,734.4000072479248
2020-08-13T07:30:00.000Z,America/New_York,2020-8-13 3:30:00 AM,727.9200077056885
2020-08-13T07:45:00.000Z,America/New_York,2020-8-13 3:45:00 AM,751.6800060272217
2020-08-13T08:00:00.000Z,America/New_York,2020-8-13 4:00:00 AM,747.3600082397461
2020-08-13T08:15:00.000Z,America/New_York,2020-8-13 4:15:00 AM,736.5600032806396
2020-08-13T08:30:00.000Z,America/New_York,2020-8-13 4:30:00 AM,749.5200099945068
2020-08-13T08:45:00.000Z,America/New_York,2020-8-13 4:45:00 AM,749.5200023651123
2020-08-13T09:00:00.000Z,America/New_York,2020-8-13 5:00:00 AM,755.9999980926514
2020-08-13T09:15:00.000Z,America/New_York,2020-8-13 5:15:00 AM,768.9600048065186
2020-08-13T09:30:00.000Z,America/New_York,2020-8-13 5:30:00 AM,773.2800102233887
2020-08-13T09:45:00.000Z,America/New_York,2020-8-13 5:45:00 AM,799.2000141143799
2020-08-13T10:00:00.000Z,America/New_York,2020-8-13 6:00:00 AM,756.0000152587891
2020-08-13T10:15:00.000Z,America/New_York,2020-8-13 6:15:00 AM,1026.0000171661377
2020-08-13T10:30:00.000Z,America/New_York,2020-8-13 6:30:00 AM,1203.1200046539307
2020-08-13T10:45:00.000Z,America/New_York,2020-8-13 6:45:00 AM,1425.5999965667725
2020-08-13T11:00:00.000Z,America/New_York,2020-8-13 7:00:00 AM,1578.9600048065186
2020-08-13T11:15:00.000Z,America/New_York,2020-8-13 7:15:00 AM,1693.439992904663
2020-08-13T11:30:00.000Z,America/New_York,2020-8-13 7:30:00 AM,1194.4799976348877
2020-08-13T11:45:00.000Z,America/New_York,2020-8-13 7:45:00 AM,1864.0799961090088
2020-08-13T12:00:00.000Z,America/New_York,2020-8-13 8:00:00 AM,1935.3599910736084
2020-08-13T12:15:00.000Z,America/New_York,2020-8-13 8:15:00 AM,2013.120002746582
2020-08-13T12:30:00.000Z,America/New_York,2020-8-13 8:30:00 AM,2008.800006866455
2020-08-13T12:45:00.000Z,America/New_York,2020-8-13 8:45:00 AM,1939.6800155639648
2020-08-13T13:00:00.000Z,America/New_York,2020-8-13 9:00:00 AM,1956.9599876403809
2020-08-13T13:15:00.000Z,America/New_York,2020-8-13 9:15:00 AM,1969.9199714660645
2020-08-13T13:30:00.000Z,America/New_York,2020-8-13 9:30:00 AM,1998.0000076293945
2020-08-13T13:45:00.000Z,America/New_York,2020-8-13 9:45:00 AM,2019.6000061035156
2020-08-13T14:00:00.000Z,America/New_York,2020-8-13 10:00:00 AM,1985.040023803711
2020-08-13T14:15:00.000Z,America/New_York,2020-8-13 10:15:00 AM,1993.680019378662
2020-08-13T14:30:00.000Z,America/New_York,2020-8-13 10:30:00 AM,1982.8800010681152
2020-08-13T14:45:00.000Z,America/New_York,2020-8-13 10:45:00 AM,1941.840000152588
2020-08-13T15:00:00.000Z,America/New_York,2020-8-13 11:00:00 AM,1853.279987335205
2020-08-13T15:15:00.000Z,America/New_York,2020-8-13 11:15:00 AM,1931.0399856567383
2020-08-13T15:30:00.000Z,America/New_York,2020-8-13 11:30:00 AM,1931.0400047302246
2020-08-13T15:45:00.000Z,America/New_York,2020-8-13 11:45:00 AM,1918.079990386963
2020-08-13T16:00:00.000Z,America/New_York,2020-8-13 12:00:00 PM,1935.3599891662598
2020-08-13T16:15:00.000Z,America/New_York,2020-8-13 12:15:00 PM,1799.2799987792969
2020-08-13T16:30:00.000Z,America/New_York,2020-8-13 12:30:00 PM,1790.640007019043
2020-08-13T16:45:00.000Z,America/New_York,2020-8-13 12:45:00 PM,1844.640022277832
2020-08-13T17:00:00.000Z,America/New_York,2020-8-13 1:00:00 PM,1844.6400299072266
2020-08-13T17:15:00.000Z,America/New_York,2020-8-13 1:15:00 PM,1848.960048675537
2020-08-13T17:30:00.000Z,America/New_York,2020-8-13 1:30:00 PM,1857.600025177002
2020-08-13T17:45:00.000Z,America/New_York,2020-8-13 1:45:00 PM,1840.3200225830078
2020-08-13T18:00:00.000Z,America/New_York,2020-8-13 2:00:00 PM,1848.9600448608398
2020-08-13T18:15:00.000Z,America/New_York,2020-8-13 2:15:00 PM,1870.56001663208
2020-08-13T18:30:00.000Z,America/New_York,2020-8-13 2:30:00 PM,1870.5600357055664
2020-08-13T18:45:00.000Z,America/New_York,2020-8-13 2:45:00 PM,1883.52001953125
2020-08-13T19:00:00.000Z,America/New_York,2020-8-13 3:00:00 PM,1887.840000152588
2020-08-13T19:15:00.000Z,America/New_York,2020-8-13 3:15:00 PM,1870.56001663208
2020-08-13T19:30:00.000Z,America/New_York,2020-8-13 3:30:00 PM,1883.5200271606445
2020-08-13T19:45:00.000Z,America/New_York,2020-8-13 3:45:00 PM,1812.239990234375
2020-08-13T20:00:00.000Z,America/New_York,2020-8-13 4:00:00 PM,1842.4800109863281
2020-08-13T20:15:00.000Z,America/New_York,2020-8-13 4:15:00 PM,1306.7999801635742
2020-08-13T20:30:00.000Z,America/New_York,2020-8-13 4:30:00 PM,1900.799961090088
2020-08-13T20:45:00.000Z,America/New_York,2020-8-13 4:45:00 PM,1892.1600036621094
2020-08-13T21:00:00.000Z,America/New_York,2020-8-13 5:00:00 PM,1913.760025024414
2020-08-13T21:15:00.000Z,America/New_York,2020-8-13 5:15:00 PM,1911.6000328063965
2020-08-13T21:30:00.000Z,America/New_York,2020-8-13 5:30:00 PM,1896.4800300598145
2020-08-13T21:45:00.000Z,America/New_York,2020-8-13 5:45:00 PM,1920.2400093078613
2020-08-13T22:00:00.000Z,America/New_York,2020-8-13 6:00:00 PM,1924.5600318908691
2020-08-13T22:15:00.000Z,America/New_York,2020-8-13 6:15:00 PM,1304.6399993896484
2020-08-13T22:30:00.000Z,America/New_York,2020-8-13 6:30:00 PM,1300.319995880127
2020-08-13T22:45:00.000Z,America/New_York,2020-8-13 6:45:00 PM,1233.3599853515625
2020-08-13T23:00:00.000Z,America/New_York,2020-8-13 7:00:00 PM,1840.3199920654297
2020-08-13T23:15:00.000Z,America/New_York,2020-8-13 7:15:00 PM,1853.2800025939941
2020-08-13T23:30:00.000Z,America/New_York,2020-8-13 7:30:00 PM,1872.7200050354004
2020-08-13T23:45:00.000Z,America/New_York,2020-8-13 7:45:00 PM,1747.439992904663
2020-08-14T00:00:00.000Z,America/New_York,2020-8-13 8:00:00 PM,1766.8800163269043
2020-08-14T00:15:00.000Z,America/New_York,2020-8-13 8:15:00 PM,851.0399990081787
2020-08-14T00:30:00.000Z,America/New_York,2020-8-13 8:30:00 PM,725.7600040435791
2020-08-14T00:45:00.000Z,America/New_York,2020-8-13 8:45:00 PM,708.4800052642822
2020-08-14T01:00:00.000Z,America/New_York,2020-8-13 9:00:00 PM,682.5600070953369
2020-08-14T01:15:00.000Z,America/New_York,2020-8-13 9:15:00 PM,693.3600063323975
2020-08-14T01:30:00.000Z,America/New_York,2020-8-13 9:30:00 PM,717.1200084686279
2020-08-14T01:45:00.000Z,America/New_York,2020-8-13 9:45:00 PM,544.3200054168701
2020-08-14T02:00:00.000Z,America/New_York,2020-8-13 10:00:00 PM,565.9200077056885
2020-08-14T02:15:00.000Z,America/New_York,2020-8-13 10:15:00 PM,747.3599987030029
2020-08-14T02:30:00.000Z,America/New_York,2020-8-13 10:30:00 PM,764.6399993896484
2020-08-14T02:45:00.000Z,America/New_York,2020-8-13 10:45:00 PM,749.5200023651123
2020-08-14T03:00:00.000Z,America/New_York,2020-8-13 11:00:00 PM,738.7200031280518
2020-08-14T03:15:00.000Z,America/New_York,2020-8-13 11:15:00 PM,736.5600070953369
2020-08-14T03:30:00.000Z,America/New_York,2020-8-13 11:30:00 PM,758.1600093841553
2020-08-14T03:45:00.000Z,America/New_York,2020-8-13 11:45:00 PM,758.160005569458
2020-08-14T04:00:00.000Z,America/New_York,2020-8-14 12:00:00 AM,751.6799983978271
2020-08-14T04:15:00.000Z,America/New_York,2020-8-14 12:15:00 AM,749.5200080871582
2020-08-14T04:30:00.000Z,America/New_York,2020-8-14 12:30:00 AM,738.7200050354004
2020-08-14T04:45:00.000Z,America/New_York,2020-8-14 12:45:00 AM,565.9200038909912
2020-08-14T05:00:00.000Z,America/New_York,2020-8-14 1:00:00 AM,565.9200057983398
2020-08-14T05:15:00.000Z,America/New_York,2020-8-14 1:15:00 AM,734.4000053405762
2020-08-14T05:30:00.000Z,America/New_York,2020-8-14 1:30:00 AM,727.9200038909912
2020-08-14T05:45:00.000Z,America/New_York,2020-8-14 1:45:00 AM,721.4400043487549
2020-08-14T06:00:00.000Z,America/New_York,2020-8-14 2:00:00 AM,725.7600002288818
2020-08-14T06:15:00.000Z,America/New_York,2020-8-14 2:15:00 AM,730.0800037384033
2020-08-14T06:30:00.000Z,America/New_York,2020-8-14 2:30:00 AM,725.7600040435791
2020-08-14T06:45:00.000Z,America/New_York,2020-8-14 2:45:00 AM,740.8800106048584
2020-08-14T07:00:00.000Z,America/New_York,2020-8-14 3:00:00 AM,738.7200031280518
2020-08-14T07:15:00.000Z,America/New_York,2020-8-14 3:15:00 AM,723.6000080108643
2020-08-14T07:30:00.000Z,America/New_York,2020-8-14 3:30:00 AM,730.079999923706
2020-08-14T07:45:00.000Z,America/New_York,2020-8-14 3:45:00 AM,738.7200107574463
2020-08-14T08:00:00.000Z,America/New_York,2020-8-14 4:00:00 AM,732.2400074005127
2020-08-14T08:15:00.000Z,America/New_York,2020-8-14 4:15:00 AM,723.600004196167
2020-08-14T08:30:00.000Z,America/New_York,2020-8-14 4:30:00 AM,712.8000030517578
2020-08-14T08:45:00.000Z,America/New_York,2020-8-14 4:45:00 AM,730.0800037384033
2020-08-14T09:00:00.000Z,America/New_York,2020-8-14 5:00:00 AM,749.5200080871582
2020-08-14T09:15:00.000Z,America/New_York,2020-8-14 5:15:00 AM,738.7200088500977
2020-08-14T09:30:00.000Z,America/New_York,2020-8-14 5:30:00 AM,734.4000110626221
2020-08-14T09:45:00.000Z,America/New_York,2020-8-14 5:45:00 AM,738.7200107574463
2020-08-14T10:00:00.000Z,America/New_York,2020-8-14 6:00:00 AM,747.3600120544434
2020-08-14T10:15:00.000Z,America/New_York,2020-8-14 6:15:00 AM,678.24001121521
2020-08-14T10:30:00.000Z,America/New_York,2020-8-14 6:30:00 AM,846.7200088500977
2020-08-14T10:45:00.000Z,America/New_York,2020-8-14 6:45:00 AM,1542.2400093078613
2020-08-14T11:00:00.000Z,America/New_York,2020-8-14 7:00:00 AM,1611.360008239746
2020-08-14T11:15:00.000Z,America/New_York,2020-8-14 7:15:00 AM,1667.5200233459473
2020-08-14T11:30:00.000Z,America/New_York,2020-8-14 7:30:00 AM,1706.4000091552734
2020-08-14T11:45:00.000Z,America/New_York,2020-8-14 7:45:00 AM,1877.0399894714355
2020-08-14T12:00:00.000Z,America/New_York,2020-8-14 8:00:00 AM,1954.7999877929688
2020-08-14T12:15:00.000Z,America/New_York,2020-8-14 8:15:00 AM,2017.4399757385254
2020-08-14T12:30:00.000Z,America/New_York,2020-8-14 8:30:00 AM,1993.679988861084
2020-08-14T12:45:00.000Z,America/New_York,2020-8-14 8:45:00 AM,2021.7600021362305
2020-08-14T13:00:00.000Z,America/New_York,2020-8-14 9:00:00 AM,2013.119987487793
2020-08-14T13:15:00.000Z,America/New_York,2020-8-14 9:15:00 AM,1995.8399772644043
2020-08-14T13:30:00.000Z,America/New_York,2020-8-14 9:30:00 AM,1997.9999885559082
2020-08-14T13:45:00.000Z,America/New_York,2020-8-14 9:45:00 AM,2002.3199996948242
2020-08-14T14:00:00.000Z,America/New_York,2020-8-14 10:00:00 AM,2004.479995727539
2020-08-14T14:15:00.000Z,America/New_York,2020-8-14 10:15:00 AM,1989.3599967956543
2020-08-14T14:30:00.000Z,America/New_York,2020-8-14 10:30:00 AM,1991.5199851989746
2020-08-14T14:45:00.000Z,America/New_York,2020-8-14 10:45:00 AM,1954.800006866455
2020-08-14T15:00:00.000Z,America/New_York,2020-8-14 11:00:00 AM,1948.3199920654297
2020-08-14T15:15:00.000Z,America/New_York,2020-8-14 11:15:00 AM,1982.8799858093262
2020-08-14T15:30:00.000Z,America/New_York,2020-8-14 11:30:00 AM,1987.1999855041504
2020-08-14T15:45:00.000Z,America/New_York,2020-8-14 11:45:00 AM,1980.7200050354004
2020-08-14T16:00:00.000Z,America/New_York,2020-8-14 12:00:00 PM,1470.9600067138672
2020-08-14T16:15:00.000Z,America/New_York,2020-8-14 12:15:00 PM,1458
2020-08-14T16:30:00.000Z,America/New_York,2020-8-14 12:30:00 PM,1967.7600021362305
2020-08-14T16:45:00.000Z,America/New_York,2020-8-14 12:45:00 PM,1978.560001373291
2020-08-14T17:00:00.000Z,America/New_York,2020-8-14 1:00:00 PM,1963.4400024414062
2020-08-14T17:15:00.000Z,America/New_York,2020-8-14 1:15:00 PM,1458.0000076293945
2020-08-14T17:30:00.000Z,America/New_York,2020-8-14 1:30:00 PM,1451.5199890136719
2020-08-14T17:45:00.000Z,America/New_York,2020-8-14 1:45:00 PM,1943.9999923706055
2020-08-14T18:00:00.000Z,America/New_York,2020-8-14 2:00:00 PM,1948.3200035095215
2020-08-14T18:15:00.000Z,America/New_York,2020-8-14 2:15:00 PM,1950.4799995422363
2020-08-14T18:30:00.000Z,America/New_York,2020-8-14 2:30:00 PM,1982.8799934387207
2020-08-14T18:45:00.000Z,America/New_York,2020-8-14 2:45:00 PM,1982.8799858093262
2020-08-14T19:00:00.000Z,America/New_York,2020-8-14 3:00:00 PM,1956.9599876403809
2020-08-14T19:15:00.000Z,America/New_York,2020-8-14 3:15:00 PM,1946.159984588623
2020-08-14T19:30:00.000Z,America/New_York,2020-8-14 3:30:00 PM,1946.1599922180176
2020-08-14T19:45:00.000Z,America/New_York,2020-8-14 3:45:00 PM,1931.0400161743164
2020-08-14T20:00:00.000Z,America/New_York,2020-8-14 4:00:00 PM,1956.9599952697754
2020-08-14T20:15:00.000Z,America/New_York,2020-8-14 4:15:00 PM,1976.3999824523926
2020-08-14T20:30:00.000Z,America/New_York,2020-8-14 4:30:00 PM,1926.719985961914
2020-08-14T20:45:00.000Z,America/New_York,2020-8-14 4:45:00 PM,1937.5200080871582
2020-08-14T21:00:00.000Z,America/New_York,2020-8-14 5:00:00 PM,1911.5999794006348
2020-08-14T21:15:00.000Z,America/New_York,2020-8-14 5:15:00 PM,1905.1199836730957
2020-08-14T21:30:00.000Z,America/New_York,2020-8-14 5:30:00 PM,1900.8000106811523
2020-08-14T21:45:00.000Z,America/New_York,2020-8-14 5:45:00 PM,1918.0799980163574
2020-08-14T22:00:00.000Z,America/New_York,2020-8-14 6:00:00 PM,1879.2000122070312
2020-08-14T22:15:00.000Z,America/New_York,2020-8-14 6:15:00 PM,1861.9199981689453
2020-08-14T22:30:00.000Z,America/New_York,2020-8-14 6:30:00 PM,1870.5599975585938
2020-08-14T22:45:00.000Z,America/New_York,2020-8-14 6:45:00 PM,1864.0799942016602
2020-08-14T23:00:00.000Z,America/New_York,2020-8-14 7:00:00 PM,1851.1199951171875
2020-08-14T23:15:00.000Z,America/New_York,2020-8-14 7:15:00 PM,1838.1600151062012
2020-08-14T23:30:00.000Z,America/New_York,2020-8-14 7:30:00 PM,1799.2800102233887
2020-08-14T23:45:00.000Z,America/New_York,2020-8-14 7:45:00 PM,1717.2000045776367
2020-08-15T00:00:00.000Z,America/New_York,2020-8-14 8:00:00 PM,1684.7999954223633
2020-08-15T00:15:00.000Z,America/New_York,2020-8-14 8:15:00 PM,814.3200073242188
2020-08-15T00:30:00.000Z,America/New_York,2020-8-14 8:30:00 PM,632.8800067901611
2020-08-15T00:45:00.000Z,America/New_York,2020-8-14 8:45:00 PM,596.1600093841553
2020-08-15T01:00:00.000Z,America/New_York,2020-8-14 9:00:00 PM,596.1600093841553
2020-08-15T01:15:00.000Z,America/New_York,2020-8-14 9:15:00 PM,585.3600101470947
2020-08-15T01:30:00.000Z,America/New_York,2020-8-14 9:30:00 PM,585.3600101470947
2020-08-15T01:45:00.000Z,America/New_York,2020-8-14 9:45:00 PM,600.4800090789795
2020-08-15T02:00:00.000Z,America/New_York,2020-8-14 10:00:00 PM,604.8000087738037
2020-08-15T02:15:00.000Z,America/New_York,2020-8-14 10:15:00 PM,583.2000102996826
2020-08-15T02:30:00.000Z,America/New_York,2020-8-14 10:30:00 PM,589.680009841919
2020-08-15T02:45:00.000Z,America/New_York,2020-8-14 10:45:00 PM,565.9200115203857
2020-08-15T03:00:00.000Z,America/New_York,2020-8-14 11:00:00 PM,550.800012588501
2020-08-15T03:15:00.000Z,America/New_York,2020-8-14 11:15:00 PM,561.6000118255615
2020-08-15T03:30:00.000Z,America/New_York,2020-8-14 11:30:00 PM,559.4400119781494
2020-08-15T03:45:00.000Z,America/New_York,2020-8-14 11:45:00 PM,427.68000984191895
2020-08-15T04:00:00.000Z,America/New_York,2020-8-15 12:00:00 AM,436.3200092315674
2020-08-15T04:15:00.000Z,America/New_York,2020-8-15 12:15:00 AM,570.24001121521
2020-08-15T04:30:00.000Z,America/New_York,2020-8-15 12:30:00 AM,574.5600109100342
2020-08-15T04:45:00.000Z,America/New_York,2020-8-15 12:45:00 AM,572.4000110626221
2020-08-15T05:00:00.000Z,America/New_York,2020-8-15 1:00:00 AM,576.7200107574463
2020-08-15T05:15:00.000Z,America/New_York,2020-8-15 1:15:00 AM,574.5600109100342
2020-08-15T05:30:00.000Z,America/New_York,2020-8-15 1:30:00 AM,578.8800106048584
2020-08-15T05:45:00.000Z,America/New_York,2020-8-15 1:45:00 AM,574.5600109100342
2020-08-15T06:00:00.000Z,America/New_York,2020-8-15 2:00:00 AM,581.0400104522705
2020-08-15T06:15:00.000Z,America/New_York,2020-8-15 2:15:00 AM,714.9600124359131
2020-08-15T06:30:00.000Z,America/New_York,2020-8-15 2:30:00 AM,710.6400051116943
2020-08-15T06:45:00.000Z,America/New_York,2020-8-15 2:45:00 AM,706.3200092315674
2020-08-15T07:00:00.000Z,America/New_York,2020-8-15 3:00:00 AM,706.3200130462646
2020-08-15T07:15:00.000Z,America/New_York,2020-8-15 3:15:00 AM,563.7600116729736
2020-08-15T07:30:00.000Z,America/New_York,2020-8-15 3:30:00 AM,572.4000110626221
2020-08-15T07:45:00.000Z,America/New_York,2020-8-15 3:45:00 AM,576.7200107574463
2020-08-15T08:00:00.000Z,America/New_York,2020-8-15 4:00:00 AM,572.4000110626221
2020-08-15T08:15:00.000Z,America/New_York,2020-8-15 4:15:00 AM,572.4000110626221
2020-08-15T08:30:00.000Z,America/New_York,2020-8-15 4:30:00 AM,563.7600116729736
2020-08-15T08:45:00.000Z,America/New_York,2020-8-15 4:45:00 AM,572.4000110626221
2020-08-15T09:00:00.000Z,America/New_York,2020-8-15 5:00:00 AM,568.0800113677979
2020-08-15T09:15:00.000Z,America/New_York,2020-8-15 5:15:00 AM,565.9200115203857
2020-08-15T09:30:00.000Z,America/New_York,2020-8-15 5:30:00 AM,572.4000110626221
2020-08-15T09:45:00.000Z,America/New_York,2020-8-15 5:45:00 AM,581.0400104522705
2020-08-15T10:00:00.000Z,America/New_York,2020-8-15 6:00:00 AM,576.7200107574463
2020-08-15T10:15:00.000Z,America/New_York,2020-8-15 6:15:00 AM,583.2000102996826
2020-08-15T10:30:00.000Z,America/New_York,2020-8-15 6:30:00 AM,598.3200092315674
2020-08-15T10:45:00.000Z,America/New_York,2020-8-15 6:45:00 AM,606.9600086212158
2020-08-15T11:00:00.000Z,America/New_York,2020-8-15 7:00:00 AM,626.4000072479248
2020-08-15T11:15:00.000Z,America/New_York,2020-8-15 7:15:00 AM,641.5200061798096
2020-08-15T11:30:00.000Z,America/New_York,2020-8-15 7:30:00 AM,635.0400085449219
2020-08-15T11:45:00.000Z,America/New_York,2020-8-15 7:45:00 AM,630.7200088500977
2020-08-15T12:00:00.000Z,America/New_York,2020-8-15 8:00:00 AM,658.8000049591064
2020-08-15T12:15:00.000Z,America/New_York,2020-8-15 8:15:00 AM,686.8800086975098
2020-08-15T12:30:00.000Z,America/New_York,2020-8-15 8:30:00 AM,714.9600067138672
2020-08-15T12:45:00.000Z,America/New_York,2020-8-15 8:45:00 AM,725.7600116729736
2020-08-15T13:00:00.000Z,America/New_York,2020-8-15 9:00:00 AM,756.0000095367432
2020-08-15T13:15:00.000Z,America/New_York,2020-8-15 9:15:00 AM,965.5200061798096
2020-08-15T13:30:00.000Z,America/New_York,2020-8-15 9:30:00 AM,1013.0400066375732
2020-08-15T13:45:00.000Z,America/New_York,2020-8-15 9:45:00 AM,1023.840009689331
2020-08-15T14:00:00.000Z,America/New_York,2020-8-15 10:00:00 AM,1036.7999935150146
2020-08-15T14:15:00.000Z,America/New_York,2020-8-15 10:15:00 AM,1075.6800060272217
2020-08-15T14:30:00.000Z,America/New_York,2020-8-15 10:30:00 AM,1075.6799907684326
2020-08-15T14:45:00.000Z,America/New_York,2020-8-15 10:45:00 AM,1080.0000019073486
2020-08-15T15:00:00.000Z,America/New_York,2020-8-15 11:00:00 AM,1101.5999927520752
2020-08-15T15:15:00.000Z,America/New_York,2020-8-15 11:15:00 AM,1103.7600002288818
2020-08-15T15:30:00.000Z,America/New_York,2020-8-15 11:30:00 AM,1101.6000118255615
2020-08-15T15:45:00.000Z,America/New_York,2020-8-15 11:45:00 AM,1108.0800037384033
2020-08-15T16:00:00.000Z,America/New_York,2020-8-15 12:00:00 PM,1121.040002822876
2020-08-15T16:15:00.000Z,America/New_York,2020-8-15 12:15:00 PM,1114.5600032806396
2020-08-15T16:30:00.000Z,America/New_York,2020-8-15 12:30:00 PM,1116.7200031280518
2020-08-15T16:45:00.000Z,America/New_York,2020-8-15 12:45:00 PM,1123.200002670288
2020-08-15T17:00:00.000Z,America/New_York,2020-8-15 1:00:00 PM,1140.4800052642822
2020-08-15T17:15:00.000Z,America/New_York,2020-8-15 1:15:00 PM,1136.1600093841553
2020-08-15T17:30:00.000Z,America/New_York,2020-8-15 1:30:00 PM,1118.8800106048584
2020-08-15T17:45:00.000Z,America/New_York,2020-8-15 1:45:00 PM,1149.1200046539307
2020-08-15T18:00:00.000Z,America/New_York,2020-8-15 2:00:00 PM,1155.600004196167
2020-08-15T18:15:00.000Z,America/New_York,2020-8-15 2:15:00 PM,1123.2000064849854
2020-08-15T18:30:00.000Z,America/New_York,2020-8-15 2:30:00 PM,1121.0400066375732
2020-08-15T18:45:00.000Z,America/New_York,2020-8-15 2:45:00 PM,1112.400011062622
2020-08-15T19:00:00.000Z,America/New_York,2020-8-15 3:00:00 PM,1125.3600101470947
2020-08-15T19:15:00.000Z,America/New_York,2020-8-15 3:15:00 PM,1125.3600101470947
2020-08-15T19:30:00.000Z,America/New_York,2020-8-15 3:30:00 PM,1116.7200107574463
2020-08-15T19:45:00.000Z,America/New_York,2020-8-15 3:45:00 PM,1127.5200099945068
2020-08-15T20:00:00.000Z,America/New_York,2020-8-15 4:00:00 PM,1116.7200031280518
2020-08-15T20:15:00.000Z,America/New_York,2020-8-15 4:15:00 PM,660.9600048065186
2020-08-15T20:30:00.000Z,America/New_York,2020-8-15 4:30:00 PM,632.8800067901611
2020-08-15T20:45:00.000Z,America/New_York,2020-8-15 4:45:00 PM,635.0400066375732
2020-08-15T21:00:00.000Z,America/New_York,2020-8-15 5:00:00 PM,626.4000072479248
2020-08-15T21:15:00.000Z,America/New_York,2020-8-15 5:15:00 PM,641.5200061798096
2020-08-15T21:30:00.000Z,America/New_York,2020-8-15 5:30:00 PM,643.6800060272217
2020-08-15T21:45:00.000Z,America/New_York,2020-8-15 5:45:00 PM,626.4000072479248
2020-08-15T22:00:00.000Z,America/New_York,2020-8-15 6:00:00 PM,637.2000064849854
2020-08-15T22:15:00.000Z,America/New_York,2020-8-15 6:15:00 PM,624.2400074005127
2020-08-15T22:30:00.000Z,America/New_York,2020-8-15 6:30:00 PM,626.4000072479248
2020-08-15T22:45:00.000Z,America/New_York,2020-8-15 6:45:00 PM,637.2000064849854
2020-08-15T23:00:00.000Z,America/New_York,2020-8-15 7:00:00 PM,630.720006942749
2020-08-15T23:15:00.000Z,America/New_York,2020-8-15 7:15:00 PM,624.2400074005127
2020-08-15T23:30:00.000Z,America/New_York,2020-8-15 7:30:00 PM,617.7600078582764
2020-08-15T23:45:00.000Z,America/New_York,2020-8-15 7:45:00 PM,626.4000072479248
2020-08-16T00:00:00.000Z,America/New_York,2020-8-15 8:00:00 PM,626.4000072479248
2020-08-16T00:15:00.000Z,America/New_York,2020-8-15 8:15:00 PM,591.840009689331
2020-08-16T00:30:00.000Z,America/New_York,2020-8-15 8:30:00 PM,576.7200107574463
2020-08-16T00:45:00.000Z,America/New_York,2020-8-15 8:45:00 PM,568.0800113677979
2020-08-16T01:00:00.000Z,America/New_York,2020-8-15 9:00:00 PM,572.4000110626221
2020-08-16T01:15:00.000Z,America/New_York,2020-8-15 9:15:00 PM,552.9600124359131
2020-08-16T01:30:00.000Z,America/New_York,2020-8-15 9:30:00 PM,557.2800121307373
2020-08-16T01:45:00.000Z,America/New_York,2020-8-15 9:45:00 PM,563.7600116729736
2020-08-16T02:00:00.000Z,America/New_York,2020-8-15 10:00:00 PM,561.6000118255615
2020-08-16T02:15:00.000Z,America/New_York,2020-8-15 10:15:00 PM,568.0800113677979
2020-08-16T02:30:00.000Z,America/New_York,2020-8-15 10:30:00 PM,561.6000118255615
2020-08-16T02:45:00.000Z,America/New_York,2020-8-15 10:45:00 PM,576.7200107574463
2020-08-16T03:00:00.000Z,America/New_York,2020-8-15 11:00:00 PM,570.24001121521
2020-08-16T03:15:00.000Z,America/New_York,2020-8-15 11:15:00 PM,570.24001121521
2020-08-16T03:30:00.000Z,America/New_York,2020-8-15 11:30:00 PM,594.0000095367432
2020-08-16T03:45:00.000Z,America/New_York,2020-8-15 11:45:00 PM,581.0400104522705
2020-08-16T04:00:00.000Z,America/New_York,2020-8-16 12:00:00 AM,574.5600109100342
2020-08-16T04:15:00.000Z,America/New_York,2020-8-16 12:15:00 AM,583.2000102996826
2020-08-16T04:30:00.000Z,America/New_York,2020-8-16 12:30:00 AM,589.680009841919
2020-08-16T04:45:00.000Z,America/New_York,2020-8-16 12:45:00 AM,591.840009689331
2020-08-16T05:00:00.000Z,America/New_York,2020-8-16 1:00:00 AM,594.0000095367432
2020-08-16T05:15:00.000Z,America/New_York,2020-8-16 1:15:00 AM,583.2000102996826
2020-08-16T05:30:00.000Z,America/New_York,2020-8-16 1:30:00 AM,594.0000095367432
2020-08-16T05:45:00.000Z,America/New_York,2020-8-16 1:45:00 AM,576.7200107574463
2020-08-16T06:00:00.000Z,America/New_York,2020-8-16 2:00:00 AM,581.0400104522705
2020-08-16T06:15:00.000Z,America/New_York,2020-8-16 2:15:00 AM,596.1600093841553
2020-08-16T06:30:00.000Z,America/New_York,2020-8-16 2:30:00 AM,591.840009689331
2020-08-16T06:45:00.000Z,America/New_York,2020-8-16 2:45:00 AM,591.8400115966797
2020-08-16T07:00:00.000Z,America/New_York,2020-8-16 3:00:00 AM,596.1600112915039
2020-08-16T07:15:00.000Z,America/New_York,2020-8-16 3:15:00 AM,585.3600101470947
2020-08-16T07:30:00.000Z,America/New_York,2020-8-16 3:30:00 AM,583.2000102996826
2020-08-16T07:45:00.000Z,America/New_York,2020-8-16 3:45:00 AM,587.5200099945068
2020-08-16T08:00:00.000Z,America/New_York,2020-8-16 4:00:00 AM,585.3600101470947
2020-08-16T08:15:00.000Z,America/New_York,2020-8-16 4:15:00 AM,583.2000102996826
2020-08-16T08:30:00.000Z,America/New_York,2020-8-16 4:30:00 AM,591.8400115966797
2020-08-16T08:45:00.000Z,America/New_York,2020-8-16 4:45:00 AM,581.0400104522705
2020-08-16T09:00:00.000Z,America/New_York,2020-8-16 5:00:00 AM,594.0000095367432
2020-08-16T09:15:00.000Z,America/New_York,2020-8-16 5:15:00 AM,587.5200099945068
2020-08-16T09:30:00.000Z,America/New_York,2020-8-16 5:30:00 AM,589.680009841919
2020-08-16T09:45:00.000Z,America/New_York,2020-8-16 5:45:00 AM,585.3600120544434
2020-08-16T10:00:00.000Z,America/New_York,2020-8-16 6:00:00 AM,587.5200099945068
2020-08-16T10:15:00.000Z,America/New_York,2020-8-16 6:15:00 AM,598.3200092315674
2020-08-16T10:30:00.000Z,America/New_York,2020-8-16 6:30:00 AM,470.88000679016113
2020-08-16T10:45:00.000Z,America/New_York,2020-8-16 6:45:00 AM,470.88000679016113
2020-08-16T11:00:00.000Z,America/New_York,2020-8-16 7:00:00 AM,617.7600078582764
2020-08-16T11:15:00.000Z,America/New_York,2020-8-16 7:15:00 AM,613.4400081634521
2020-08-16T11:30:00.000Z,America/New_York,2020-8-16 7:30:00 AM,609.1200103759766
2020-08-16T11:45:00.000Z,America/New_York,2020-8-16 7:45:00 AM,619.9200077056885
2020-08-16T12:00:00.000Z,America/New_York,2020-8-16 8:00:00 AM,639.3600082397461
2020-08-16T12:15:00.000Z,America/New_York,2020-8-16 8:15:00 AM,639.3600063323975
2020-08-16T12:30:00.000Z,America/New_York,2020-8-16 8:30:00 AM,643.6800060272217
2020-08-16T12:45:00.000Z,America/New_York,2020-8-16 8:45:00 AM,641.5200061798096
2020-08-16T13:00:00.000Z,America/New_York,2020-8-16 9:00:00 AM,345.600004196167
2020-08-16T13:15:00.000Z,America/New_York,2020-8-16 9:15:00 AM,645.8400058746338
2020-08-16T13:30:00.000Z,America/New_York,2020-8-16 9:30:00 AM,654.4800052642822
2020-08-16T13:45:00.000Z,America/New_York,2020-8-16 9:45:00 AM,648.0000076293945
2020-08-16T14:00:00.000Z,America/New_York,2020-8-16 10:00:00 AM,637.2000064849854
2020-08-16T14:15:00.000Z,America/New_York,2020-8-16 10:15:00 AM,645.8400058746338
2020-08-16T14:30:00.000Z,America/New_York,2020-8-16 10:30:00 AM,639.3600063323975
2020-08-16T14:45:00.000Z,America/New_York,2020-8-16 10:45:00 AM,639.3600063323975
2020-08-16T15:00:00.000Z,America/New_York,2020-8-16 11:00:00 AM,648.0000076293945
2020-08-16T15:15:00.000Z,America/New_York,2020-8-16 11:15:00 AM,494.64000701904297
2020-08-16T15:30:00.000Z,America/New_York,2020-8-16 11:30:00 AM,486.0000057220459
2020-08-16T15:45:00.000Z,America/New_York,2020-8-16 11:45:00 AM,645.8400058746338
2020-08-16T16:00:00.000Z,America/New_York,2020-8-16 12:00:00 PM,645.8400058746338
2020-08-16T16:15:00.000Z,America/New_York,2020-8-16 12:15:00 PM,639.3600082397461
2020-08-16T16:30:00.000Z,America/New_York,2020-8-16 12:30:00 PM,490.3200054168701
2020-08-16T16:45:00.000Z,America/New_York,2020-8-16 12:45:00 PM,496.8000068664551
2020-08-16T17:00:00.000Z,America/New_York,2020-8-16 1:00:00 PM,641.5200061798096
2020-08-16T17:15:00.000Z,America/New_York,2020-8-16 1:15:00 PM,639.3600063323975
2020-08-16T17:30:00.000Z,America/New_York,2020-8-16 1:30:00 PM,652.3200054168701
2020-08-16T17:45:00.000Z,America/New_York,2020-8-16 1:45:00 PM,645.8400058746338
2020-08-16T18:00:00.000Z,America/New_York,2020-8-16 2:00:00 PM,645.8400077819824
2020-08-16T18:15:00.000Z,America/New_York,2020-8-16 2:15:00 PM,639.3600082397461
2020-08-16T18:30:00.000Z,America/New_York,2020-8-16 2:30:00 PM,632.8800067901611
2020-08-16T18:45:00.000Z,America/New_York,2020-8-16 2:45:00 PM,632.8800067901611
2020-08-16T19:00:00.000Z,America/New_York,2020-8-16 3:00:00 PM,639.3600082397461
2020-08-16T19:15:00.000Z,America/New_York,2020-8-16 3:15:00 PM,339.12000465393066
2020-08-16T19:30:00.000Z,America/New_York,2020-8-16 3:30:00 PM,639.3600063323975
2020-08-16T19:45:00.000Z,America/New_York,2020-8-16 3:45:00 PM,648.0000057220459
2020-08-16T20:00:00.000Z,America/New_York,2020-8-16 4:00:00 PM,632.8800067901611
2020-08-16T20:15:00.000Z,America/New_York,2020-8-16 4:15:00 PM,637.2000064849854
2020-08-16T20:30:00.000Z,America/New_York,2020-8-16 4:30:00 PM,637.200008392334
2020-08-16T20:45:00.000Z,America/New_York,2020-8-16 4:45:00 PM,626.4000072479248
2020-08-16T21:00:00.000Z,America/New_York,2020-8-16 5:00:00 PM,630.720006942749
2020-08-16T21:15:00.000Z,America/New_York,2020-8-16 5:15:00 PM,635.0400085449219
2020-08-16T21:30:00.000Z,America/New_York,2020-8-16 5:30:00 PM,637.2000064849854
2020-08-16T21:45:00.000Z,America/New_York,2020-8-16 5:45:00 PM,639.3600063323975
2020-08-16T22:00:00.000Z,America/New_York,2020-8-16 6:00:00 PM,624.2400074005127
2020-08-16T22:15:00.000Z,America/New_York,2020-8-16 6:15:00 PM,630.720006942749
2020-08-16T22:30:00.000Z,America/New_York,2020-8-16 6:30:00 PM,639.3600063323975
2020-08-16T22:45:00.000Z,America/New_York,2020-8-16 6:45:00 PM,626.4000072479248
2020-08-16T23:00:00.000Z,America/New_York,2020-8-16 7:00:00 PM,637.200008392334
2020-08-16T23:15:00.000Z,America/New_York,2020-8-16 7:15:00 PM,626.4000072479248
2020-08-16T23:30:00.000Z,America/New_York,2020-8-16 7:30:00 PM,617.7600078582764
2020-08-16T23:45:00.000Z,America/New_York,2020-8-16 7:45:00 PM,619.9200077056885
2020-08-17T00:00:00.000Z,America/New_York,2020-8-16 8:00:00 PM,624.2400074005127
2020-08-17T00:15:00.000Z,America/New_York,2020-8-16 8:15:00 PM,596.1600112915039
2020-08-17T00:30:00.000Z,America/New_York,2020-8-16 8:30:00 PM,587.5200119018555
2020-08-17T00:45:00.000Z,America/New_York,2020-8-16 8:45:00 PM,574.5600109100342
2020-08-17T01:00:00.000Z,America/New_York,2020-8-16 9:00:00 PM,568.0800113677979
2020-08-17T01:15:00.000Z,America/New_York,2020-8-16 9:15:00 PM,572.4000110626221
2020-08-17T01:30:00.000Z,America/New_York,2020-8-16 9:30:00 PM,563.7600116729736
2020-08-17T01:45:00.000Z,America/New_York,2020-8-16 9:45:00 PM,574.5600109100342
2020-08-17T02:00:00.000Z,America/New_York,2020-8-16 10:00:00 PM,559.4400119781494
2020-08-17T02:15:00.000Z,America/New_York,2020-8-16 10:15:00 PM,563.7600116729736
2020-08-17T02:30:00.000Z,America/New_York,2020-8-16 10:30:00 PM,574.5600147247314
2020-08-17T02:45:00.000Z,America/New_York,2020-8-16 10:45:00 PM,563.7600116729736
2020-08-17T03:00:00.000Z,America/New_York,2020-8-16 11:00:00 PM,444.9600086212158
2020-08-17T03:15:00.000Z,America/New_York,2020-8-16 11:15:00 PM,447.12001037597656
2020-08-17T03:30:00.000Z,America/New_York,2020-8-16 11:30:00 PM,563.7600116729736
2020-08-17T03:45:00.000Z,America/New_York,2020-8-16 11:45:00 PM,570.24001121521
2020-08-17T04:00:00.000Z,America/New_York,2020-8-17 12:00:00 AM,565.9200115203857
2020-08-17T04:15:00.000Z,America/New_York,2020-8-17 12:15:00 AM,583.2000102996826
2020-08-17T04:30:00.000Z,America/New_York,2020-8-17 12:30:00 AM,468.7200107574463
2020-08-17T04:45:00.000Z,America/New_York,2020-8-17 12:45:00 AM,453.60000801086426
2020-08-17T05:00:00.000Z,America/New_York,2020-8-17 1:00:00 AM,328.3200054168701
2020-08-17T05:15:00.000Z,America/New_York,2020-8-17 1:15:00 AM,578.8800106048584
2020-08-17T05:30:00.000Z,America/New_York,2020-8-17 1:30:00 AM,453.60000801086426
2020-08-17T05:45:00.000Z,America/New_York,2020-8-17 1:45:00 AM,449.28000831604004
2020-08-17T06:00:00.000Z,America/New_York,2020-8-17 2:00:00 AM,460.0800075531006
2020-08-17T06:15:00.000Z,America/New_York,2020-8-17 2:15:00 AM,457.9200077056885
2020-08-17T06:30:00.000Z,America/New_York,2020-8-17 2:30:00 AM,594.0000114440918
2020-08-17T06:45:00.000Z,America/New_York,2020-8-17 2:45:00 AM,583.2000102996826
2020-08-17T07:00:00.000Z,America/New_York,2020-8-17 3:00:00 AM,591.840009689331
2020-08-17T07:15:00.000Z,America/New_York,2020-8-17 3:15:00 AM,190.08000373840332
2020-08-17T07:30:00.000Z,America/New_York,2020-8-17 3:30:00 AM,328.3200054168701
2020-08-17T07:45:00.000Z,America/New_York,2020-8-17 3:45:00 AM,604.8000087738037
2020-08-17T08:00:00.000Z,America/New_York,2020-8-17 4:00:00 AM,611.28000831604
2020-08-17T08:15:00.000Z,America/New_York,2020-8-17 4:15:00 AM,343.4400043487549
2020-08-17T08:30:00.000Z,America/New_York,2020-8-17 4:30:00 AM,518.4000110626221
2020-08-17T08:45:00.000Z,America/New_York,2020-8-17 4:45:00 AM,693.360013961792
2020-08-17T09:00:00.000Z,America/New_York,2020-8-17 5:00:00 AM,723.6000118255615
2020-08-17T09:15:00.000Z,America/New_York,2020-8-17 5:15:00 AM,390.9600086212158
2020-08-17T09:30:00.000Z,America/New_York,2020-8-17 5:30:00 AM,604.8000106811523
2020-08-17T09:45:00.000Z,America/New_York,2020-8-17 5:45:00 AM,626.4000053405762
2020-08-17T10:00:00.000Z,America/New_York,2020-8-17 6:00:00 AM,827.2800121307373
2020-08-17T10:15:00.000Z,America/New_York,2020-8-17 6:15:00 AM,855.3600025177002
2020-08-17T10:30:00.000Z,America/New_York,2020-8-17 6:30:00 AM,1136.1600170135498
2020-08-17T10:45:00.000Z,America/New_York,2020-8-17 6:45:00 AM,1645.920009613037
2020-08-17T11:00:00.000Z,America/New_York,2020-8-17 7:00:00 AM,1762.560001373291
2020-08-17T11:15:00.000Z,America/New_York,2020-8-17 7:15:00 AM,1848.96000289917
2020-08-17T11:30:00.000Z,America/New_York,2020-8-17 7:30:00 AM,1848.9600143432617
2020-08-17T11:45:00.000Z,America/New_York,2020-8-17 7:45:00 AM,1924.5600090026855
2020-08-17T12:00:00.000Z,America/New_York,2020-8-17 8:00:00 AM,1987.200008392334
2020-08-17T12:15:00.000Z,America/New_York,2020-8-17 8:15:00 AM,2017.440013885498
2020-08-17T12:30:00.000Z,America/New_York,2020-8-17 8:30:00 AM,1974.2400016784668
2020-08-17T12:45:00.000Z,America/New_York,2020-8-17 8:45:00 AM,2028.2400169372559
2020-08-17T13:00:00.000Z,America/New_York,2020-8-17 9:00:00 AM,2041.2000198364258
2020-08-17T13:15:00.000Z,America/New_York,2020-8-17 9:15:00 AM,2043.3600120544434
2020-08-17T13:30:00.000Z,America/New_York,2020-8-17 9:30:00 AM,1989.3600234985352
2020-08-17T13:45:00.000Z,America/New_York,2020-8-17 9:45:00 AM,2032.560001373291
2020-08-17T14:00:00.000Z,America/New_York,2020-8-17 10:00:00 AM,2052.0000228881836
2020-08-17T14:15:00.000Z,America/New_York,2020-8-17 10:15:00 AM,2054.160011291504
2020-08-17T14:30:00.000Z,America/New_York,2020-8-17 10:30:00 AM,2052.000015258789
2020-08-17T14:45:00.000Z,America/New_York,2020-8-17 10:45:00 AM,2036.8800048828125
2020-08-17T15:00:00.000Z,America/New_York,2020-8-17 11:00:00 AM,1868.3999786376953
2020-08-17T15:15:00.000Z,America/New_York,2020-8-17 11:15:00 AM,1408.3200225830078
2020-08-17T15:30:00.000Z,America/New_York,2020-8-17 11:30:00 AM,1868.4000129699707
2020-08-17T15:45:00.000Z,America/New_York,2020-8-17 11:45:00 AM,1926.7200012207031
2020-08-17T16:00:00.000Z,America/New_York,2020-8-17 12:00:00 PM,2054.1599922180176
2020-08-17T16:15:00.000Z,America/New_York,2020-8-17 12:15:00 PM,2047.6800003051758
2020-08-17T16:30:00.000Z,America/New_York,2020-8-17 12:30:00 PM,2062.7999839782715
2020-08-17T16:45:00.000Z,America/New_York,2020-8-17 12:45:00 PM,2036.8799858093262
2020-08-17T17:00:00.000Z,America/New_York,2020-8-17 1:00:00 PM,2043.3600006103516
2020-08-17T17:15:00.000Z,America/New_York,2020-8-17 1:15:00 PM,2036.8800048828125
2020-08-17T17:30:00.000Z,America/New_York,2020-8-17 1:30:00 PM,2047.6799964904785
2020-08-17T17:45:00.000Z,America/New_York,2020-8-17 1:45:00 PM,2030.4000358581543
2020-08-17T18:00:00.000Z,America/New_York,2020-8-17 2:00:00 PM,2041.2000122070312
2020-08-17T18:15:00.000Z,America/New_York,2020-8-17 2:15:00 PM,2034.7200317382812
2020-08-17T18:30:00.000Z,America/New_York,2020-8-17 2:30:00 PM,2032.560001373291
2020-08-17T18:45:00.000Z,America/New_York,2020-8-17 2:45:00 PM,2021.760009765625
2020-08-17T19:00:00.000Z,America/New_York,2020-8-17 3:00:00 PM,2026.080005645752
2020-08-17T19:15:00.000Z,America/New_York,2020-8-17 3:15:00 PM,1995.8399810791016
2020-08-17T19:30:00.000Z,America/New_York,2020-8-17 3:30:00 PM,2010.9599723815918
2020-08-17T19:45:00.000Z,America/New_York,2020-8-17 3:45:00 PM,2023.9199867248535
2020-08-17T20:00:00.000Z,America/New_York,2020-8-17 4:00:00 PM,2019.5999755859375
2020-08-17T20:15:00.000Z,America/New_York,2020-8-17 4:15:00 PM,2004.4799880981445
2020-08-17T20:30:00.000Z,America/New_York,2020-8-17 4:30:00 PM,1998
2020-08-17T20:45:00.000Z,America/New_York,2020-8-17 4:45:00 PM,2015.2799949645996
2020-08-17T21:00:00.000Z,America/New_York,2020-8-17 5:00:00 PM,1980.719970703125
2020-08-17T21:15:00.000Z,America/New_York,2020-8-17 5:15:00 PM,1972.0799751281738
2020-08-17T21:30:00.000Z,America/New_York,2020-8-17 5:30:00 PM,1952.6400032043457
2020-08-17T21:45:00.000Z,America/New_York,2020-8-17 5:45:00 PM,1909.4400177001953
2020-08-17T22:00:00.000Z,America/New_York,2020-8-17 6:00:00 PM,1922.399990081787
2020-08-17T22:15:00.000Z,America/New_York,2020-8-17 6:15:00 PM,1974.2399864196777
2020-08-17T22:30:00.000Z,America/New_York,2020-8-17 6:30:00 PM,1952.6399955749512
2020-08-17T22:45:00.000Z,America/New_York,2020-8-17 6:45:00 PM,1885.6799926757812
2020-08-17T23:00:00.000Z,America/New_York,2020-8-17 7:00:00 PM,1753.9199867248535
2020-08-17T23:15:00.000Z,America/New_York,2020-8-17 7:15:00 PM,1782.0000190734863
2020-08-17T23:30:00.000Z,America/New_York,2020-8-17 7:30:00 PM,1810.079990386963
2020-08-17T23:45:00.000Z,America/New_York,2020-8-17 7:45:00 PM,1797.1200141906738
2020-08-18T00:00:00.000Z,America/New_York,2020-8-17 8:00:00 PM,1671.8400230407715
2020-08-18T00:15:00.000Z,America/New_York,2020-8-17 8:15:00 PM,788.4000110626221
2020-08-18T00:30:00.000Z,America/New_York,2020-8-17 8:30:00 PM,630.7200088500977
2020-08-18T00:45:00.000Z,America/New_York,2020-8-17 8:45:00 PM,628.5600109100342
2020-08-18T01:00:00.000Z,America/New_York,2020-8-17 9:00:00 PM,606.9600086212158
2020-08-18T01:15:00.000Z,America/New_York,2020-8-17 9:15:00 PM,635.0400066375732
2020-08-18T01:30:00.000Z,America/New_York,2020-8-17 9:30:00 PM,639.3600063323975
2020-08-18T01:45:00.000Z,America/New_York,2020-8-17 9:45:00 PM,643.6800060272217
2020-08-18T02:00:00.000Z,America/New_York,2020-8-17 10:00:00 PM,667.4400043487549
2020-08-18T02:15:00.000Z,America/New_York,2020-8-17 10:15:00 PM,660.9600048065186
2020-08-18T02:30:00.000Z,America/New_York,2020-8-17 10:30:00 PM,665.2800045013428
2020-08-18T02:45:00.000Z,America/New_York,2020-8-17 10:45:00 PM,632.8800067901611
2020-08-18T03:00:00.000Z,America/New_York,2020-8-17 11:00:00 PM,645.8400077819824
2020-08-18T03:15:00.000Z,America/New_York,2020-8-17 11:15:00 PM,639.3600063323975
2020-08-18T03:30:00.000Z,America/New_York,2020-8-17 11:30:00 PM,641.5200061798096
2020-08-18T03:45:00.000Z,America/New_York,2020-8-17 11:45:00 PM,650.160005569458
2020-08-18T04:00:00.000Z,America/New_York,2020-8-18 12:00:00 AM,632.8800067901611
2020-08-18T04:15:00.000Z,America/New_York,2020-8-18 12:15:00 AM,656.6400089263916
2020-08-18T04:30:00.000Z,America/New_York,2020-8-18 12:30:00 AM,641.5200099945068
2020-08-18T04:45:00.000Z,America/New_York,2020-8-18 12:45:00 AM,641.5200080871582
2020-08-18T05:00:00.000Z,America/New_York,2020-8-18 1:00:00 AM,658.8000087738037
2020-08-18T05:15:00.000Z,America/New_York,2020-8-18 1:15:00 AM,665.2800102233887
2020-08-18T05:30:00.000Z,America/New_York,2020-8-18 1:30:00 AM,667.4400100708008
2020-08-18T05:45:00.000Z,America/New_York,2020-8-18 1:45:00 AM,639.3600082397461
2020-08-18T06:00:00.000Z,America/New_York,2020-8-18 2:00:00 AM,650.160005569458
2020-08-18T06:15:00.000Z,America/New_York,2020-8-18 2:15:00 AM,637.200008392334
2020-08-18T06:30:00.000Z,America/New_York,2020-8-18 2:30:00 AM,637.200008392334
2020-08-18T06:45:00.000Z,America/New_York,2020-8-18 2:45:00 AM,643.6800079345703
2020-08-18T07:00:00.000Z,America/New_York,2020-8-18 3:00:00 AM,641.5200099945068
2020-08-18T07:15:00.000Z,America/New_York,2020-8-18 3:15:00 AM,637.2000064849854
2020-08-18T07:30:00.000Z,America/New_York,2020-8-18 3:30:00 AM,630.720006942749
2020-08-18T07:45:00.000Z,America/New_York,2020-8-18 3:45:00 AM,628.5600070953369
2020-08-18T08:00:00.000Z,America/New_York,2020-8-18 4:00:00 AM,635.0400066375732
2020-08-18T08:15:00.000Z,America/New_York,2020-8-18 4:15:00 AM,628.5600070953369
2020-08-18T08:30:00.000Z,America/New_York,2020-8-18 4:30:00 AM,639.3600082397461
2020-08-18T08:45:00.000Z,America/New_York,2020-8-18 4:45:00 AM,637.2000064849854
2020-08-18T09:00:00.000Z,America/New_York,2020-8-18 5:00:00 AM,507.600004196167
2020-08-18T09:15:00.000Z,America/New_York,2020-8-18 5:15:00 AM,503.2800102233887
2020-08-18T09:30:00.000Z,America/New_York,2020-8-18 5:30:00 AM,671.7600116729736
2020-08-18T09:45:00.000Z,America/New_York,2020-8-18 5:45:00 AM,691.2000122070312
2020-08-18T10:00:00.000Z,America/New_York,2020-8-18 6:00:00 AM,693.360013961792
2020-08-18T10:15:00.000Z,America/New_York,2020-8-18 6:15:00 AM,712.8000106811523
2020-08-18T10:30:00.000Z,America/New_York,2020-8-18 6:30:00 AM,723.6000099182129
2020-08-18T10:45:00.000Z,America/New_York,2020-8-18 6:45:00 AM,835.9200077056885
2020-08-18T11:00:00.000Z,America/New_York,2020-8-18 7:00:00 AM,1421.2800064086914
2020-08-18T11:15:00.000Z,America/New_York,2020-8-18 7:15:00 AM,1658.8799896240234
2020-08-18T11:30:00.000Z,America/New_York,2020-8-18 7:30:00 AM,1710.720027923584
2020-08-18T11:45:00.000Z,America/New_York,2020-8-18 7:45:00 AM,1375.9200057983398
2020-08-18T12:00:00.000Z,America/New_York,2020-8-18 8:00:00 AM,1520.6400032043457
2020-08-18T12:15:00.000Z,America/New_York,2020-8-18 8:15:00 AM,2101.680000305176
2020-08-18T12:30:00.000Z,America/New_York,2020-8-18 8:30:00 AM,2110.319984436035
2020-08-18T12:45:00.000Z,America/New_York,2020-8-18 8:45:00 AM,2082.240005493164
2020-08-18T13:00:00.000Z,America/New_York,2020-8-18 9:00:00 AM,
2020-08-18T13:15:00.000Z,America/New_York,2020-8-18 9:15:00 AM,
2020-08-18T13:30:00.000Z,America/New_York,2020-8-18 9:30:00 AM,
2020-08-18T13:45:00.000Z,America/New_York,2020-8-18 9:45:00 AM,
2020-08-18T14:00:00.000Z,America/New_York,2020-8-18 10:00:00 AM,
2020-08-18T14:15:00.000Z,America/New_York,2020-8-18 10:15:00 AM,
2020-08-18T14:30:00.000Z,America/New_York,2020-8-18 10:30:00 AM,
2020-08-18T14:45:00.000Z,America/New_York,2020-8-18 10:45:00 AM,
2020-08-18T15:00:00.000Z,America/New_York,2020-8-18 11:00:00 AM,
2020-08-18T15:15:00.000Z,America/New_York,2020-8-18 11:15:00 AM,
2020-08-18T15:30:00.000Z,America/New_York,2020-8-18 11:30:00 AM,
2020-08-18T15:45:00.000Z,America/New_York,2020-8-18 11:45:00 AM,
2020-08-18T16:00:00.000Z,America/New_York,2020-8-18 12:00:00 PM,1864.0799942016602
2020-08-18T16:15:00.000Z,America/New_York,2020-8-18 12:15:00 PM,1868.399990081787
2020-08-18T16:30:00.000Z,America/New_York,2020-8-18 12:30:00 PM,1868.400001525879
2020-08-18T16:45:00.000Z,America/New_York,2020-8-18 12:45:00 PM,1853.2799987792969
2020-08-18T17:00:00.000Z,America/New_York,2020-8-18 1:00:00 PM,1848.96000289917
2020-08-18T17:15:00.000Z,America/New_York,2020-8-18 1:15:00 PM,1857.600009918213
2020-08-18T17:30:00.000Z,America/New_York,2020-8-18 1:30:00 PM,1881.3599891662598
2020-08-18T17:45:00.000Z,America/New_York,2020-8-18 1:45:00 PM,1859.759994506836
2020-08-18T18:00:00.000Z,America/New_York,2020-8-18 2:00:00 PM,1861.919994354248
2020-08-18T18:15:00.000Z,America/New_York,2020-8-18 2:15:00 PM,1861.9200019836426
2020-08-18T18:30:00.000Z,America/New_York,2020-8-18 2:30:00 PM,1373.7599983215332
2020-08-18T18:45:00.000Z,America/New_York,2020-8-18 2:45:00 PM,1404
2020-08-18T19:00:00.000Z,America/New_York,2020-8-18 3:00:00 PM,1881.3600006103516
2020-08-18T19:15:00.000Z,America/New_York,2020-8-18 3:15:00 PM,1853.2799911499023
2020-08-18T19:30:00.000Z,America/New_York,2020-8-18 3:30:00 PM,1777.6799774169922
2020-08-18T19:45:00.000Z,America/New_York,2020-8-18 3:45:00 PM,1810.0799713134766
2020-08-18T20:00:00.000Z,America/New_York,2020-8-18 4:00:00 PM,1827.3599815368652
2020-08-18T20:15:00.000Z,America/New_York,2020-8-18 4:15:00 PM,1853.2799949645996
2020-08-18T20:30:00.000Z,America/New_York,2020-8-18 4:30:00 PM,1823.0399894714355
2020-08-18T20:45:00.000Z,America/New_York,2020-8-18 4:45:00 PM,1820.8800010681152
2020-08-18T21:00:00.000Z,America/New_York,2020-8-18 5:00:00 PM,1831.6799926757812
2020-08-18T21:15:00.000Z,America/New_York,2020-8-18 5:15:00 PM,1816.5599975585938
2020-08-18T21:30:00.000Z,America/New_York,2020-8-18 5:30:00 PM,1298.1599884033203
2020-08-18T21:45:00.000Z,America/New_York,2020-8-18 5:45:00 PM,1302.47998046875
2020-08-18T22:00:00.000Z,America/New_York,2020-8-18 6:00:00 PM,1740.959976196289
2020-08-18T22:15:00.000Z,America/New_York,2020-8-18 6:15:00 PM,1732.3199882507324
2020-08-18T22:30:00.000Z,America/New_York,2020-8-18 6:30:00 PM,1736.6399612426758
2020-08-18T22:45:00.000Z,America/New_York,2020-8-18 6:45:00 PM,1766.8799591064453
2020-08-18T23:00:00.000Z,America/New_York,2020-8-18 7:00:00 PM,1738.7999839782715
2020-08-18T23:15:00.000Z,America/New_York,2020-8-18 7:15:00 PM,1727.9999694824219
2020-08-18T23:30:00.000Z,America/New_York,2020-8-18 7:30:00 PM,1723.6800079345703
2020-08-18T23:45:00.000Z,America/New_York,2020-8-18 7:45:00 PM,1695.6000137329102
2020-08-19T00:00:00.000Z,America/New_York,2020-8-18 8:00:00 PM,1622.1599922180176
2020-08-19T00:15:00.000Z,America/New_York,2020-8-18 8:15:00 PM,926.6400051116943
2020-08-19T00:30:00.000Z,America/New_York,2020-8-18 8:30:00 PM,844.5600070953369
2020-08-19T00:45:00.000Z,America/New_York,2020-8-18 8:45:00 PM,725.7600078582764
2020-08-19T01:00:00.000Z,America/New_York,2020-8-18 9:00:00 PM,587.5200099945068
2020-08-19T01:15:00.000Z,America/New_York,2020-8-18 9:15:00 PM,594.0000095367432
2020-08-19T01:30:00.000Z,America/New_York,2020-8-18 9:30:00 PM,606.9600086212158
2020-08-19T01:45:00.000Z,America/New_York,2020-8-18 9:45:00 PM,611.28000831604
2020-08-19T02:00:00.000Z,America/New_York,2020-8-18 10:00:00 PM,613.4400081634521
2020-08-19T02:15:00.000Z,America/New_York,2020-8-18 10:15:00 PM,645.8400115966797
2020-08-19T02:30:00.000Z,America/New_York,2020-8-18 10:30:00 PM,645.8400058746338
2020-08-19T02:45:00.000Z,America/New_York,2020-8-18 10:45:00 PM,643.6800060272217
2020-08-19T03:00:00.000Z,America/New_York,2020-8-18 11:00:00 PM,641.5200061798096
2020-08-19T03:15:00.000Z,America/New_York,2020-8-18 11:15:00 PM,637.2000064849854
2020-08-19T03:30:00.000Z,America/New_York,2020-8-18 11:30:00 PM,630.720006942749
2020-08-19T03:45:00.000Z,America/New_York,2020-8-18 11:45:00 PM,645.8400058746338
2020-08-19T04:00:00.000Z,America/New_York,2020-8-19 12:00:00 AM,
2020-08-19T04:15:00.000Z,America/New_York,2020-8-19 12:15:00 AM,
2020-08-19T04:30:00.000Z,America/New_York,2020-8-19 12:30:00 AM,
2020-08-19T04:45:00.000Z,America/New_York,2020-8-19 12:45:00 AM,
2020-08-19T05:00:00.000Z,America/New_York,2020-8-19 1:00:00 AM,
2020-08-19T05:15:00.000Z,America/New_York,2020-8-19 1:15:00 AM,
2020-08-19T05:30:00.000Z,America/New_York,2020-8-19 1:30:00 AM,
2020-08-19T05:45:00.000Z,America/New_York,2020-8-19 1:45:00 AM,
2020-08-19T06:00:00.000Z,America/New_York,2020-8-19 2:00:00 AM,
2020-08-19T06:15:00.000Z,America/New_York,2020-8-19 2:15:00 AM,
2020-08-19T06:30:00.000Z,America/New_York,2020-8-19 2:30:00 AM,
2020-08-19T06:45:00.000Z,America/New_York,2020-8-19 2:45:00 AM,
2020-08-19T07:00:00.000Z,America/New_York,2020-8-19 3:00:00 AM,
2020-08-19T07:15:00.000Z,America/New_York,2020-8-19 3:15:00 AM,
2020-08-19T07:30:00.000Z,America/New_York,2020-8-19 3:30:00 AM,
2020-08-19T07:45:00.000Z,America/New_York,2020-8-19 3:45:00 AM,
2020-08-19T08:00:00.000Z,America/New_York,2020-8-19 4:00:00 AM,
2020-08-19T08:15:00.000Z,America/New_York,2020-8-19 4:15:00 AM,
2020-08-19T08:30:00.000Z,America/New_York,2020-8-19 4:30:00 AM,
2020-08-19T08:45:00.000Z,America/New_York,2020-8-19 4:45:00 AM,
2020-08-19T09:00:00.000Z,America/New_York,2020-8-19 5:00:00 AM,
2020-08-19T09:15:00.000Z,America/New_York,2020-8-19 5:15:00 AM,
2020-08-19T09:30:00.000Z,America/New_York,2020-8-19 5:30:00 AM,
2020-08-19T09:45:00.000Z,America/New_York,2020-8-19 5:45:00 AM,
2020-08-19T10:00:00.000Z,America/New_York,2020-8-19 6:00:00 AM,
2020-08-19T10:15:00.000Z,America/New_York,2020-8-19 6:15:00 AM,
2020-08-19T10:30:00.000Z,America/New_York,2020-8-19 6:30:00 AM,
2020-08-19T10:45:00.000Z,America/New_York,2020-8-19 6:45:00 AM,
2020-08-19T11:00:00.000Z,America/New_York,2020-8-19 7:00:00 AM,
2020-08-19T11:15:00.000Z,America/New_York,2020-8-19 7:15:00 AM,
2020-08-19T11:30:00.000Z,America/New_York,2020-8-19 7:30:00 AM,
2020-08-19T11:45:00.000Z,America/New_York,2020-8-19 7:45:00 AM,
2020-08-19T12:00:00.000Z,America/New_York,2020-8-19 8:00:00 AM,
2020-08-19T12:15:00.000Z,America/New_York,2020-8-19 8:15:00 AM,
2020-08-19T12:30:00.000Z,America/New_York,2020-8-19 8:30:00 AM,
2020-08-19T12:45:00.000Z,America/New_York,2020-8-19 8:45:00 AM,
2020-08-19T13:00:00.000Z,America/New_York,2020-8-19 9:00:00 AM,1836.0000228881836
2020-08-19T13:15:00.000Z,America/New_York,2020-8-19 9:15:00 AM,1816.5600128173828
2020-08-19T13:30:00.000Z,America/New_York,2020-8-19 9:30:00 AM,915.8400039672852
2020-08-19T13:45:00.000Z,America/New_York,2020-8-19 9:45:00 AM,1799.2800102233887
2020-08-19T14:00:00.000Z,America/New_York,2020-8-19 10:00:00 AM,1749.599983215332
2020-08-19T14:15:00.000Z,America/New_York,2020-8-19 10:15:00 AM,1725.8399963378906
2020-08-19T14:30:00.000Z,America/New_York,2020-8-19 10:30:00 AM,1719.3599967956543
2020-08-19T14:45:00.000Z,America/New_York,2020-8-19 10:45:00 AM,1727.9999923706055
2020-08-19T15:00:00.000Z,America/New_York,2020-8-19 11:00:00 AM,1693.4399757385254
2020-08-19T15:15:00.000Z,America/New_York,2020-8-19 11:15:00 AM,1712.8799896240234
2020-08-19T15:30:00.000Z,America/New_York,2020-8-19 11:30:00 AM,1732.3199920654297
2020-08-19T15:45:00.000Z,America/New_York,2020-8-19 11:45:00 AM,853.1999855041504
2020-08-19T16:00:00.000Z,America/New_York,2020-8-19 12:00:00 PM,1730.1599960327148
2020-08-19T16:15:00.000Z,America/New_York,2020-8-19 12:15:00 PM,1749.5999908447266
2020-08-19T16:30:00.000Z,America/New_York,2020-8-19 12:30:00 PM,1734.4799880981445
2020-08-19T16:45:00.000Z,America/New_York,2020-8-19 12:45:00 PM,1734.4800109863281
2020-08-19T17:00:00.000Z,America/New_York,2020-8-19 1:00:00 PM,1766.8800010681152
2020-08-19T17:15:00.000Z,America/New_York,2020-8-19 1:15:00 PM,1762.5600204467773
2020-08-19T17:30:00.000Z,America/New_York,2020-8-19 1:30:00 PM,1745.2799949645996
2020-08-19T17:45:00.000Z,America/New_York,2020-8-19 1:45:00 PM,1751.7600135803223
2020-08-19T18:00:00.000Z,America/New_York,2020-8-19 2:00:00 PM,1799.2800102233887
2020-08-19T18:15:00.000Z,America/New_York,2020-8-19 2:15:00 PM,889.9200057983398
2020-08-19T18:30:00.000Z,America/New_York,2020-8-19 2:30:00 PM,1298.1600189208984
2020-08-19T18:45:00.000Z,America/New_York,2020-8-19 2:45:00 PM,1317.5999908447266
2020-08-19T19:00:00.000Z,America/New_York,2020-8-19 3:00:00 PM,1764.7200164794922
2020-08-19T19:15:00.000Z,America/New_York,2020-8-19 3:15:00 PM,1732.3200035095215
2020-08-19T19:30:00.000Z,America/New_York,2020-8-19 3:30:00 PM,1723.6799812316895
2020-08-19T19:45:00.000Z,America/New_York,2020-8-19 3:45:00 PM,1738.800006866455
2020-08-19T20:00:00.000Z,America/New_York,2020-8-19 4:00:00 PM,1699.920021057129
2020-08-19T20:15:00.000Z,America/New_York,2020-8-19 4:15:00 PM,831.6000061035156
2020-08-19T20:30:00.000Z,America/New_York,2020-8-19 4:30:00 PM,1715.0400123596191
2020-08-19T20:45:00.000Z,America/New_York,2020-8-19 4:45:00 PM,1717.1999969482422
2020-08-19T21:00:00.000Z,America/New_York,2020-8-19 5:00:00 PM,1738.8000030517578
2020-08-19T21:15:00.000Z,America/New_York,2020-8-19 5:15:00 PM,1717.1999893188477
2020-08-19T21:30:00.000Z,America/New_York,2020-8-19 5:30:00 PM,1717.1999893188477
2020-08-19T21:45:00.000Z,America/New_York,2020-8-19 5:45:00 PM,1684.7999954223633
2020-08-19T22:00:00.000Z,America/New_York,2020-8-19 6:00:00 PM,1674.000015258789
2020-08-19T22:15:00.000Z,America/New_York,2020-8-19 6:15:00 PM,1682.6399841308594
2020-08-19T22:30:00.000Z,America/New_York,2020-8-19 6:30:00 PM,1641.6000137329102
2020-08-19T22:45:00.000Z,America/New_York,2020-8-19 6:45:00 PM,1643.7599906921387
2020-08-19T23:00:00.000Z,America/New_York,2020-8-19 7:00:00 PM,1656.7200088500977
2020-08-19T23:15:00.000Z,America/New_York,2020-8-19 7:15:00 PM,1607.03999710083
2020-08-19T23:30:00.000Z,America/New_York,2020-8-19 7:30:00 PM,1216.079990386963
2020-08-19T23:45:00.000Z,America/New_York,2020-8-19 7:45:00 PM,1179.359992980957
2020-08-20T00:00:00.000Z,America/New_York,2020-8-19 8:00:00 PM,1505.5199851989746
2020-08-20T00:15:00.000Z,America/New_York,2020-8-19 8:15:00 PM,427.6800060272217
2020-08-20T00:30:00.000Z,America/New_York,2020-8-19 8:30:00 PM,600.4800090789795
2020-08-20T00:45:00.000Z,America/New_York,2020-8-19 8:45:00 PM,719.28000831604
2020-08-20T01:00:00.000Z,America/New_York,2020-8-19 9:00:00 PM,319.6800060272217
2020-08-20T01:15:00.000Z,America/New_York,2020-8-19 9:15:00 PM,594.0000095367432
2020-08-20T01:30:00.000Z,America/New_York,2020-8-19 9:30:00 PM,604.8000087738037
2020-08-20T01:45:00.000Z,America/New_York,2020-8-19 9:45:00 PM,617.7600078582764
2020-08-20T02:00:00.000Z,America/New_York,2020-8-19 10:00:00 PM,628.5600070953369
2020-08-20T02:15:00.000Z,America/New_York,2020-8-19 10:15:00 PM,656.640007019043
2020-08-20T02:30:00.000Z,America/New_York,2020-8-19 10:30:00 PM,648.0000076293945
2020-08-20T02:45:00.000Z,America/New_York,2020-8-19 10:45:00 PM,635.0400085449219
2020-08-20T03:00:00.000Z,America/New_York,2020-8-19 11:00:00 PM,641.5200061798096
2020-08-20T03:15:00.000Z,America/New_York,2020-8-19 11:15:00 PM,648.0000076293945
2020-08-20T03:30:00.000Z,America/New_York,2020-8-19 11:30:00 PM,639.3600063323975
2020-08-20T03:45:00.000Z,America/New_York,2020-8-19 11:45:00 PM,360.72000312805176